{
  "project_info": {
    "project_number": "227493496295",
    "firebase_url": "https://opsc7312database-default-rtdb.firebaseio.com",
    "project_id": "opsc7312database",
    "storage_bucket": "opsc7312database.appspot.com"
  },
  "client": [
    {
      "client_info": {
        "mobilesdk_app_id": "1:227493496295:android:4dc6dc5fef20bb26d16942",
        "android_client_info": {
          "package_name": "com.example.opsc7312poepart2_code"
        }
      },
      "oauth_client": [],
      "api_key": [
        {
          "current_key": "AIzaSyCJ3uCA8ghJqnTlfE1NwP5raqQ5WgI6fgg"
        }
      ],
      "services": {
        "appinvite_service": {
          "other_platform_oauth_client": []
        }
      }
    },
    {
      "client_info": {
        "mobilesdk_app_id": "1:227493496295:android:35940c0fe33317d4d16942",
        "android_client_info": {
          "package_name": "com.example.poe2"
        }
      },
      "oauth_client": [],
      "api_key": [
        {
          "current_key": "AIzaSyCJ3uCA8ghJqnTlfE1NwP5raqQ5WgI6fgg"
        }
      ],
      "services": {
        "appinvite_service": {
          "other_platform_oauth_client": []
        }
      }
    }
  ],
  "configuration_version": "1"
}